protein	frac_centro_specific	frac_NT_control	diff	cohens_h	z	n_centro_specific	n_NT_control
HepG2-YBX3-eCLIP	0.7250	0.5868	+0.1383	+0.2924	+8.98	1379	1116
HepG2-UCHL5-eCLIP	0.7892	0.6735	+0.1157	+0.2623	+8.05	1501	1281
HepG2-BCLAF1-eCLIP	0.6998	0.5825	+0.1172	+0.2452	+7.54	1331	1108
HepG2-PRPF4-eCLIP	0.6178	0.4974	+0.1204	+0.2430	+7.48	1175	946
HepG2-GRWD1-eCLIP	0.7545	0.6435	+0.1109	+0.2428	+7.46	1435	1224
K562-PUM1-eCLIP	0.5852	0.4669	+0.1183	+0.2375	+7.31	1113	888
HepG2-EIF3D-eCLIP	0.7408	0.6383	+0.1025	+0.2223	+6.83	1409	1214
K562-FXR2-eCLIP	0.5752	0.4669	+0.1083	+0.2172	+6.69	1094	888
HepG2-PPIG-eCLIP	0.6388	0.5394	+0.0994	+0.2024	+6.23	1215	1026
K562-FMR1-eCLIP	0.5242	0.4238	+0.1004	+0.2015	+6.20	997	806
HepG2-BUD13-eCLIP	0.6982	0.6046	+0.0936	+0.1968	+6.06	1328	1150
K562-GRWD1-eCLIP	0.6614	0.5678	+0.0936	+0.1926	+5.93	1258	1080
HepG2-HLTF-eCLIP	0.6493	0.5578	+0.0915	+0.1873	+5.77	1235	1061
RBM10-PARCLIP	0.2671	0.1898	+0.0773	+0.1847	+5.68	508	361
HepG2-G3BP1-eCLIP	0.6809	0.5941	+0.0868	+0.1808	+5.57	1295	1130
HepG2-PRPF8-eCLIP	0.6057	0.5179	+0.0878	+0.1772	+5.46	1152	985
K562-YBX3-eCLIP	0.7161	0.6341	+0.0820	+0.1754	+5.40	1362	1206
HepG2-FASTKD2-eCLIP	0.6651	0.5810	+0.0841	+0.1738	+5.35	1265	1105
K562-ZNF622-eCLIP	0.6966	0.6146	+0.0820	+0.1729	+5.32	1325	1169
K562-BUD13-eCLIP	0.7361	0.6572	+0.0789	+0.1719	+5.29	1400	1250
K562-AQR-eCLIP	0.5705	0.4879	+0.0825	+0.1656	+5.10	1085	928
K562-FXR1-eCLIP	0.6851	0.6078	+0.0773	+0.1619	+4.99	1303	1156
K562-NOLC1-eCLIP	0.6514	0.5731	+0.0783	+0.1610	+4.96	1239	1090
HepG2-LARP4-eCLIP	0.6961	0.6199	+0.0762	+0.1609	+4.96	1324	1179
HepG2-LSM11-eCLIP	0.6845	0.6083	+0.0762	+0.1597	+4.92	1302	1157
K562-UCHL5-eCLIP	0.7308	0.6583	+0.0726	+0.1578	+4.86	1390	1252
HepG2-IGF2BP3-eCLIP	0.6062	0.5294	+0.0768	+0.1551	+4.78	1153	1007
K562-HLTF-eCLIP	0.5825	0.5063	+0.0762	+0.1532	+4.72	1108	963
K562-FUS-eCLIP	0.7319	0.6625	+0.0694	+0.1513	+4.66	1392	1260
K562-PRPF8-eCLIP	0.6441	0.5710	+0.0731	+0.1498	+4.62	1225	1086
HepG2-SRSF1-eCLIP	0.5573	0.4832	+0.0741	+0.1485	+4.58	1060	919
K562-ZNF800-eCLIP	0.5279	0.4543	+0.0736	+0.1474	+4.54	1004	864
K562-SRSF1-eCLIP	0.6320	0.5599	+0.0720	+0.1469	+4.53	1202	1065
HepG2-RPS3-eCLIP	0.5862	0.5137	+0.0726	+0.1460	+4.50	1115	977
HepG2-ZNF800-eCLIP	0.5531	0.4805	+0.0726	+0.1453	+4.48	1052	914
K562-DDX24-eCLIP	0.5431	0.4727	+0.0705	+0.1410	+4.35	1033	899
K562-SRSF7-eCLIP	0.5300	0.4595	+0.0705	+0.1410	+4.35	1008	874
HepG2-SSB-eCLIP	0.6015	0.5358	+0.0657	+0.1328	+4.09	1144	1019
HepG2-SLTM-eCLIP	0.3034	0.2450	+0.0584	+0.1310	+4.03	577	466
K562-SAFB-eCLIP	0.5662	0.5011	+0.0652	+0.1308	+4.03	1077	953
K562-PPIL4-eCLIP	0.6661	0.6036	+0.0626	+0.1301	+4.01	1267	1148
K562-RBM15-eCLIP	0.6740	0.6125	+0.0615	+0.1285	+3.96	1282	1165
HepG2-AQR-eCLIP	0.5358	0.4716	+0.0641	+0.1284	+3.96	1019	897
K562-RBFOX2-eCLIP	0.6767	0.6157	+0.0610	+0.1277	+3.93	1287	1171
HepG2-PABPN1-eCLIP	0.5631	0.5016	+0.0615	+0.1234	+3.80	1071	954
K562-SND1-eCLIP	0.7213	0.6646	+0.0568	+0.1232	+3.80	1372	1264
K562-AGGF1-eCLIP	0.6356	0.5757	+0.0599	+0.1227	+3.78	1209	1095
HepG2-EIF3H-eCLIP	0.4448	0.3849	+0.0599	+0.1217	+3.75	846	732
HepG2-U2AF1-eCLIP	0.6924	0.6362	+0.0563	+0.1192	+3.67	1317	1210
HepG2-SRSF9-eCLIP	0.4306	0.3728	+0.0578	+0.1180	+3.64	819	709
K562-EIF4G2-eCLIP	0.4437	0.3870	+0.0568	+0.1153	+3.55	844	736
FXR2-PARCLIP	0.0594	0.0352	+0.0242	+0.1148	+3.51	113	67
K562-XRCC6-eCLIP	0.5952	0.5384	+0.0568	+0.1147	+3.53	1132	1024
HepG2-RBM15-eCLIP	0.5431	0.4869	+0.0563	+0.1126	+3.47	1033	926
K562-TRA2A-eCLIP	0.5857	0.5300	+0.0557	+0.1123	+3.46	1114	1008
K562-MTPAP-eCLIP	0.6935	0.6414	+0.0521	+0.1106	+3.41	1319	1220
HepG2-CDC40-eCLIP	0.5994	0.5452	+0.0542	+0.1095	+3.38	1140	1037
K562-IGF2BP2-eCLIP	0.5920	0.5379	+0.0542	+0.1093	+3.37	1126	1023
HepG2-SND1-eCLIP	0.5568	0.5037	+0.0531	+0.1064	+3.28	1059	958
CPSF6-PARCLIP	0.4989	0.4458	+0.0531	+0.1064	+3.28	949	848
K562-SLTM-eCLIP	0.4416	0.3901	+0.0515	+0.1046	+3.22	840	742
HepG2-AGGF1-eCLIP	0.6377	0.5873	+0.0505	+0.1037	+3.19	1213	1117
K562-LIN28B-eCLIP	0.6362	0.5857	+0.0505	+0.1036	+3.19	1210	1114
HepG2-LIN28B-eCLIP	0.5836	0.5326	+0.0510	+0.1027	+3.17	1110	1013
HepG2-DGCR8-eCLIP	0.6446	0.5967	+0.0478	+0.0987	+3.04	1226	1135
K562-IGF2BP1-eCLIP	0.5710	0.5231	+0.0478	+0.0962	+2.96	1086	995
HepG2-FAM120A-eCLIP	0.4532	0.4069	+0.0463	+0.0935	+2.88	862	774
HepG2-SAFB-eCLIP	0.4926	0.4464	+0.0463	+0.0927	+2.86	937	849
HepG2-SRSF7-eCLIP	0.3113	0.2692	+0.0421	+0.0927	+2.86	592	512
HepG2-PTBP1-eCLIP	0.5484	0.5021	+0.0463	+0.0927	+2.86	1043	955
ORF1-PARCLIP	0.3775	0.3339	+0.0436	+0.0912	+2.81	718	635
HepG2-IGF2BP1-eCLIP	0.5121	0.4674	+0.0447	+0.0894	+2.76	974	889
K562-SF3B4-eCLIP	0.5284	0.4837	+0.0447	+0.0894	+2.76	1005	920
HepG2-NOL12-eCLIP	0.4695	0.4264	+0.0431	+0.0867	+2.67	893	811
HepG2-SUB1-eCLIP	0.4274	0.3859	+0.0415	+0.0846	+2.61	813	734
HepG2-FUS-eCLIP	0.5379	0.4958	+0.0421	+0.0842	+2.60	1023	943
K562-METAP2-eCLIP	0.6104	0.5694	+0.0410	+0.0834	+2.57	1161	1083
ZC3H7B-PARCLIP	0.1761	0.1477	+0.0284	+0.0771	+2.38	335	281
K562-XRN2-eCLIP	0.4653	0.4274	+0.0379	+0.0762	+2.35	885	813
CPSF7-PARCLIP	0.4779	0.4406	+0.0373	+0.0749	+2.31	909	838
L1RE1-PARCLIP	0.3675	0.3323	+0.0352	+0.0739	+2.28	699	632
K562-U2AF2-eCLIP	0.5952	0.5599	+0.0352	+0.0713	+2.20	1132	1065
K562-HNRNPU-eCLIP	0.6167	0.5820	+0.0347	+0.0708	+2.18	1173	1107
TRA2B-MDA231-rep1-iCLIP	0.1798	0.1535	+0.0263	+0.0706	+2.18	342	292
HepG2-ZC3H11A-eCLIP	0.6246	0.5910	+0.0336	+0.0689	+2.13	1188	1124
HepG2-NCBP2-eCLIP	0.5662	0.5321	+0.0342	+0.0687	+2.12	1077	1012
HepG2-U2AF2-eCLIP	0.5300	0.4958	+0.0342	+0.0684	+2.11	1008	943
K562-HNRNPC-eCLIP	0.6772	0.6451	+0.0321	+0.0678	+2.09	1288	1227
K562-GEMIN5-eCLIP	0.5563	0.5226	+0.0336	+0.0675	+2.08	1058	994
K562-CPSF6-eCLIP	0.5168	0.4842	+0.0326	+0.0652	+2.01	983	921
RBM20-PARCLIP	0.0573	0.0431	+0.0142	+0.0652	+2.00	109	82
HepG2-NKRF-eCLIP	0.5673	0.5352	+0.0321	+0.0645	+1.99	1079	1018
K562-PABPC4-eCLIP	0.5315	0.4995	+0.0321	+0.0642	+1.98	1011	950
HepG2-DROSHA-eCLIP	0.6583	0.6278	+0.0305	+0.0637	+1.96	1252	1194
K562-SAFB2-eCLIP	0.4579	0.4264	+0.0315	+0.0635	+1.96	871	811
HepG2-EFTUD2-eCLIP	0.4732	0.4416	+0.0315	+0.0633	+1.95	900	840
K562-FAM120A-eCLIP	0.5200	0.4884	+0.0315	+0.0631	+1.95	989	929
HepG2-SDAD1-eCLIP	0.3701	0.3407	+0.0294	+0.0615	+1.90	704	648
K562-PTBP1-eCLIP	0.4863	0.4558	+0.0305	+0.0611	+1.88	925	867
HepG2-FXR2-eCLIP	0.5168	0.4863	+0.0305	+0.0610	+1.88	983	925
K562-DDX42-eCLIP	0.4180	0.3891	+0.0289	+0.0590	+1.82	795	740
NUDT21-PARCLIP	0.2865	0.2608	+0.0258	+0.0578	+1.78	545	496
NOP58-PARCLIP	0.1793	0.1577	+0.0216	+0.0576	+1.78	341	300
K562-AKAP8L-eCLIP	0.5573	0.5305	+0.0268	+0.0538	+1.66	1060	1009
K562-EFTUD2-eCLIP	0.4527	0.4264	+0.0263	+0.0530	+1.63	861	811
CPSF3-PARCLIP	0.0515	0.0405	+0.0110	+0.0528	+1.63	98	77
K562-TIA1-eCLIP	0.6146	0.5889	+0.0258	+0.0526	+1.62	1169	1120
HNRNPC-PARCLIP	0.4632	0.4385	+0.0247	+0.0497	+1.53	881	834
K562-DDX3X-eCLIP	0.5894	0.5668	+0.0226	+0.0458	+1.41	1121	1078
HepG2-DDX3X-eCLIP	0.4926	0.4700	+0.0226	+0.0453	+1.40	937	894
HepG2-NOLC1-eCLIP	0.4227	0.4006	+0.0221	+0.0449	+1.38	804	762
MOV10-PARCLIP	0.2766	0.2571	+0.0195	+0.0440	+1.36	526	489
K562-RPS3-eCLIP	0.5605	0.5389	+0.0216	+0.0433	+1.34	1066	1025
K562-SMNDC1-eCLIP	0.6130	0.5920	+0.0210	+0.0430	+1.33	1166	1126
HepG2-FTO-eCLIP	0.3696	0.3491	+0.0205	+0.0427	+1.32	703	664
K562-DROSHA-eCLIP	0.5079	0.4869	+0.0210	+0.0421	+1.30	966	926
HepG2-BCCIP-eCLIP	0.3460	0.3265	+0.0195	+0.0412	+1.27	658	621
K562-HNRNPM-eCLIP	0.3465	0.3291	+0.0174	+0.0367	+1.13	659	626
RC3H1-PARCLIP	0.0221	0.0174	+0.0047	+0.0341	+1.05	42	33
K562-DDX6-eCLIP	0.5652	0.5484	+0.0168	+0.0339	+1.04	1075	1043
K562-TARDBP-eCLIP	0.4590	0.4422	+0.0168	+0.0338	+1.04	873	841
HepG2-KHSRP-eCLIP	0.5494	0.5326	+0.0168	+0.0338	+1.04	1045	1013
HepG2-RBM22-eCLIP	0.4921	0.4753	+0.0168	+0.0337	+1.04	936	904
TARDBP-PARCLIP	0.0931	0.0841	+0.0089	+0.0315	+0.97	177	160
HepG2-HNRNPU-eCLIP	0.2823	0.2702	+0.0121	+0.0270	+0.83	537	514
HepG2-HNRNPA1-eCLIP	0.4884	0.4758	+0.0126	+0.0253	+0.78	929	905
HepG2-TRA2A-eCLIP	0.3549	0.3433	+0.0116	+0.0243	+0.75	675	653
K562-HNRNPA1-eCLIP	0.3780	0.3665	+0.0116	+0.0239	+0.74	719	697
K562-KHSRP-eCLIP	0.5594	0.5484	+0.0110	+0.0222	+0.68	1064	1043
ELAVL1-PARCLIP	0.5373	0.5263	+0.0110	+0.0221	+0.68	1022	1001
K562-U2AF1-eCLIP	0.4953	0.4842	+0.0110	+0.0221	+0.68	942	921
K562-FTO-eCLIP	0.4905	0.4800	+0.0105	+0.0210	+0.65	933	913
HepG2-STAU2-eCLIP	0.4527	0.4427	+0.0100	+0.0201	+0.62	861	842
IGF2BP1-PARCLIP	0.1814	0.1740	+0.0074	+0.0193	+0.59	345	331
IGF2BP2-PARCLIP	0.1546	0.1477	+0.0068	+0.0191	+0.59	294	281
K562-CSTF2T-eCLIP	0.4869	0.4784	+0.0084	+0.0168	+0.52	926	910
K562-WDR43-eCLIP	0.3491	0.3412	+0.0079	+0.0166	+0.51	664	649
G3BP1-PARCLIP	0.0315	0.0289	+0.0026	+0.0154	+0.47	60	55
TRA2B-MDA231-rep2-iCLIP	0.1824	0.1767	+0.0058	+0.0151	+0.46	347	336
K562-TAF15-eCLIP	0.4558	0.4485	+0.0074	+0.0148	+0.46	867	853
K562-YWHAG-eCLIP	0.5016	0.4942	+0.0074	+0.0147	+0.45	954	940
HepG2-DDX55-eCLIP	0.5294	0.5226	+0.0068	+0.0137	+0.42	1007	994
PUM2-PARCLIP	0.0168	0.0152	+0.0016	+0.0126	+0.39	32	29
K562-NCBP2-eCLIP	0.4674	0.4621	+0.0053	+0.0105	+0.33	889	879
K562-NIPBL-eCLIP	0.4937	0.4884	+0.0053	+0.0105	+0.32	939	929
K562-DDX55-eCLIP	0.5999	0.5962	+0.0037	+0.0075	+0.23	1141	1134
K562-APOBEC3C-eCLIP	0.5836	0.5804	+0.0032	+0.0064	+0.20	1110	1104
HepG2-CSTF2-eCLIP	0.5694	0.5662	+0.0032	+0.0064	+0.20	1083	1077
K562-GPKOW-eCLIP	0.4553	0.4522	+0.0032	+0.0063	+0.20	866	860
IGF2BP3-PARCLIP	0.1399	0.1383	+0.0016	+0.0046	+0.14	266	263
K562-TROVE2-eCLIP	0.5878	0.5868	+0.0011	+0.0021	+0.07	1118	1116
HepG2-TIAL1-eCLIP	0.3743	0.3738	+0.0005	+0.0011	+0.03	712	711
HepG2-GTF2F1-eCLIP	0.4984	0.4989	-0.0005	-0.0011	-0.03	948	949
HepG2-XRCC6-eCLIP	0.3081	0.3097	-0.0016	-0.0034	-0.11	586	589
EIF3D-PARCLIP	0.0168	0.0174	-0.0005	-0.0041	-0.13	32	33
ELAVL3-PARCLIP	0.0531	0.0542	-0.0011	-0.0047	-0.14	101	103
K562-GTF2F1-eCLIP	0.4642	0.4669	-0.0026	-0.0053	-0.16	883	888
EWSR1-PARCLIP	0.0415	0.0431	-0.0016	-0.0078	-0.24	79	82
LIN28B-PARCLIP	0.0862	0.0889	-0.0026	-0.0093	-0.29	164	169
HepG2-HNRNPL-eCLIP	0.2303	0.2345	-0.0042	-0.0100	-0.31	438	446
FUS-PARCLIP	0.2634	0.2687	-0.0053	-0.0119	-0.37	501	511
LIN28A-PARCLIP	0.0168	0.0184	-0.0016	-0.0120	-0.37	32	35
RTCB-PARCLIP	0.0284	0.0305	-0.0021	-0.0124	-0.38	54	58
HepG2-DDX52-eCLIP	0.5305	0.5368	-0.0063	-0.0126	-0.39	1009	1021
CPSF4-PARCLIP	0.0216	0.0237	-0.0021	-0.0142	-0.44	41	45
HepG2-AKAP1-eCLIP	0.4664	0.4737	-0.0074	-0.0147	-0.45	887	901
PAPD5-PARCLIP	0.0174	0.0195	-0.0021	-0.0157	-0.48	33	37
DND1-PARCLIP	0.1998	0.2061	-0.0063	-0.0157	-0.48	380	392
HepG2-UTP18-eCLIP	0.3212	0.3286	-0.0074	-0.0157	-0.48	611	625
HepG2-POLR2G-eCLIP	0.3859	0.3938	-0.0079	-0.0162	-0.50	734	749
USP10-PARCLIP	0.0142	0.0163	-0.0021	-0.0172	-0.53	27	31
HepG2-FUBP3-eCLIP	0.2108	0.2182	-0.0074	-0.0179	-0.55	401	415
HepG2-WDR43-eCLIP	0.4259	0.4348	-0.0089	-0.0181	-0.56	810	827
K562-DHX30-eCLIP	0.3696	0.3785	-0.0089	-0.0185	-0.57	703	720
TAF15-PARCLIP	0.0273	0.0305	-0.0032	-0.0188	-0.58	52	58
HepG2-UPF1-eCLIP	0.2918	0.3007	-0.0089	-0.0196	-0.60	555	572
U2AF2-Hela-iCLIP	0.5310	0.5415	-0.0105	-0.0211	-0.65	1010	1030
K562-UPF1-eCLIP	0.4143	0.4253	-0.0110	-0.0224	-0.69	788	809
K562-PCBP1-eCLIP	0.3717	0.3828	-0.0110	-0.0228	-0.70	707	728
HepG2-TIA1-eCLIP	0.4322	0.4437	-0.0116	-0.0233	-0.72	822	844
EIF3A-PARCLIP	0.0163	0.0195	-0.0032	-0.0238	-0.73	31	37
HepG2-TROVE2-eCLIP	0.5179	0.5305	-0.0126	-0.0253	-0.78	985	1009
K562-FASTKD2-eCLIP	0.4437	0.4564	-0.0126	-0.0254	-0.78	844	868
K562-LSM11-eCLIP	0.5894	0.6020	-0.0126	-0.0257	-0.79	1121	1145
HepG2-PCBP1-eCLIP	0.3438	0.3565	-0.0126	-0.0265	-0.82	654	678
CAPRIN1-PARCLIP	0.1346	0.1441	-0.0095	-0.0273	-0.84	256	274
K562-NONO-eCLIP	0.4574	0.4711	-0.0137	-0.0274	-0.85	870	896
K562-ZC3H11A-eCLIP	0.4427	0.4564	-0.0137	-0.0275	-0.85	842	868
HepG2-RBFOX2-eCLIP	0.2913	0.3039	-0.0126	-0.0276	-0.85	554	578
RBPMS-PARCLIP	0.0210	0.0252	-0.0042	-0.0280	-0.86	40	48
HepG2-SF3B4-eCLIP	0.2776	0.2913	-0.0137	-0.0303	-0.93	528	554
K562-SDAD1-eCLIP	0.2397	0.2529	-0.0131	-0.0305	-0.94	456	481
HepG2-HNRNPC-eCLIP	0.3086	0.3228	-0.0142	-0.0305	-0.94	587	614
ELAVL2-PARCLIP	0.0473	0.0542	-0.0068	-0.0312	-0.96	90	103
HepG2-XRN2-eCLIP	0.4637	0.4800	-0.0163	-0.0327	-1.01	882	913
HepG2-DDX6-eCLIP	0.3039	0.3197	-0.0158	-0.0341	-1.05	578	608
K562-AKAP1-eCLIP	0.3517	0.3691	-0.0174	-0.0361	-1.11	669	702
TRA2B-MDA231-rep3-iCLIP	0.1094	0.1209	-0.0116	-0.0362	-1.12	208	230
K562-UTP18-eCLIP	0.3039	0.3207	-0.0168	-0.0363	-1.12	578	610
TIA1-PARCLIP	0.0505	0.0589	-0.0084	-0.0370	-1.14	96	112
HepG2-HNRNPUL1-eCLIP	0.4501	0.4690	-0.0189	-0.0380	-1.17	856	892
ELAVL4-PARCLIP	0.0379	0.0457	-0.0079	-0.0394	-1.22	72	87
ATXN2-PARCLIP	0.2298	0.2466	-0.0168	-0.0395	-1.22	437	469
K562-DDX21-eCLIP	0.4716	0.4916	-0.0200	-0.0400	-1.23	897	935
K562-ABCF1-eCLIP	0.2886	0.3070	-0.0184	-0.0402	-1.24	549	584
HepG2-TAF15-eCLIP	0.4080	0.4280	-0.0200	-0.0405	-1.25	776	814
K562-LARP4-eCLIP	0.4926	0.5131	-0.0205	-0.0410	-1.26	937	976
K562-SF3B1-eCLIP	0.0768	0.0889	-0.0121	-0.0439	-1.35	146	169
K562-HNRNPUL1-eCLIP	0.4564	0.4811	-0.0247	-0.0495	-1.53	868	915
HepG2-PCBP2-eCLIP	0.2581	0.2802	-0.0221	-0.0498	-1.54	491	533
HepG2-SUPV3L1-eCLIP	0.3123	0.3360	-0.0237	-0.0506	-1.56	594	639
K562-AARS-eCLIP	0.2739	0.2971	-0.0231	-0.0512	-1.58	521	565
K562-UTP3-eCLIP	0.1614	0.1819	-0.0205	-0.0544	-1.68	307	346
HepG2-RBM5-eCLIP	0.4742	0.5016	-0.0273	-0.0547	-1.69	902	954
K562-AATF-eCLIP	0.3113	0.3375	-0.0263	-0.0562	-1.73	592	642
K562-SERBP1-eCLIP	0.1188	0.1377	-0.0189	-0.0566	-1.75	226	262
HepG2-HNRNPM-eCLIP	0.1257	0.1451	-0.0195	-0.0569	-1.75	239	276
K562-HNRNPL-eCLIP	0.4422	0.4706	-0.0284	-0.0570	-1.76	841	895
HepG2-EXOSC5-eCLIP	0.2723	0.2981	-0.0258	-0.0571	-1.76	518	567
K562-DDX51-eCLIP	0.3502	0.3791	-0.0289	-0.0601	-1.85	666	721
K562-MATR3-eCLIP	0.0952	0.1136	-0.0184	-0.0602	-1.86	181	216
FBL-PARCLIP	0.1204	0.1409	-0.0205	-0.0609	-1.88	229	268
K562-EWSR1-eCLIP	0.2229	0.2497	-0.0268	-0.0631	-1.95	424	475
EIF3G-PARCLIP	0.0121	0.0200	-0.0079	-0.0633	-1.94	23	38
HepG2-CSTF2T-eCLIP	0.3538	0.3849	-0.0310	-0.0643	-1.98	673	732
K562-LARP7-eCLIP	0.2403	0.2687	-0.0284	-0.0652	-2.01	457	511
HepG2-HNRNPK-eCLIP	0.1793	0.2050	-0.0258	-0.0654	-2.02	341	390
HepG2-SUGP2-eCLIP	0.3822	0.4143	-0.0321	-0.0655	-2.02	727	788
ZFP36-PARCLIP	0.0047	0.0105	-0.0058	-0.0678	-2.05	9	20
HepG2-FKBP4-eCLIP	0.2655	0.2971	-0.0315	-0.0702	-2.16	505	565
K562-ILF3-eCLIP	0.4958	0.5310	-0.0352	-0.0705	-2.17	943	1010
K562-PHF6-eCLIP	0.3433	0.3780	-0.0347	-0.0723	-2.23	653	719
K562-DDX52-eCLIP	0.3875	0.4232	-0.0358	-0.0728	-2.25	737	805
HepG2-DHX30-eCLIP	0.4132	0.4495	-0.0363	-0.0733	-2.26	786	855
HepG2-DKC1-eCLIP	0.3228	0.3601	-0.0373	-0.0787	-2.43	614	685
HepG2-MATR3-eCLIP	0.1236	0.1519	-0.0284	-0.0825	-2.54	235	289
HepG2-ILF3-eCLIP	0.2797	0.3181	-0.0384	-0.0839	-2.59	532	605
HepG2-SMNDC1-eCLIP	0.3176	0.3591	-0.0415	-0.0878	-2.71	604	683
K562-WDR3-eCLIP	0.1367	0.1682	-0.0315	-0.0879	-2.71	260	320
HepG2-NIP7-eCLIP	0.2224	0.2603	-0.0379	-0.0885	-2.73	423	495
K562-TBRG4-eCLIP	0.4685	0.5131	-0.0447	-0.0894	-2.76	891	976
AGO1-PARCLIP	0.1809	0.2177	-0.0368	-0.0922	-2.84	344	414
K562-ELAVL1-rep1-eCLIP	0.4685	0.5147	-0.0463	-0.0926	-2.85	891	979
K562-SUPV3L1-eCLIP	0.0358	0.0552	-0.0195	-0.0939	-2.88	68	105
K562-EIF3G-eCLIP	0.3554	0.4017	-0.0463	-0.0954	-2.94	676	764
HepG2-QKI-eCLIP	0.3512	0.3980	-0.0468	-0.0967	-2.98	668	757
K562-EXOSC5-eCLIP	0.3880	0.4364	-0.0484	-0.0983	-3.03	738	830
K562-KHDRBS1-eCLIP	0.5310	0.5804	-0.0494	-0.0995	-3.07	1010	1104
HepG2-TBRG4-eCLIP	0.0999	0.1325	-0.0326	-0.1020	-3.14	190	252
HepG2-DDX59-eCLIP	0.4558	0.5068	-0.0510	-0.1021	-3.15	867	964
HepG2-SF3A3-eCLIP	0.4243	0.4753	-0.0510	-0.1026	-3.16	807	904
AGO2-PARCLIP	0.1714	0.2124	-0.0410	-0.1043	-3.21	326	404
HepG2-GRSF1-eCLIP	0.3344	0.3854	-0.0510	-0.1063	-3.28	636	733
K562-DGCR8-eCLIP	0.3996	0.4522	-0.0526	-0.1064	-3.28	760	860
HepG2-SFPQ-eCLIP	0.1498	0.1898	-0.0400	-0.1066	-3.28	285	361
K562-PUS1-eCLIP	0.3086	0.3591	-0.0505	-0.1071	-3.30	587	683
NOP56-PARCLIP	0.0489	0.0747	-0.0258	-0.1076	-3.30	93	142
HepG2-LARP7-eCLIP	0.1215	0.1588	-0.0373	-0.1078	-3.32	231	302
CSTF2T-PARCLIP	0.2024	0.2482	-0.0457	-0.1096	-3.38	385	472
HepG2-XPO5-eCLIP	0.2960	0.3486	-0.0526	-0.1126	-3.47	563	663
K562-ZRANB2-eCLIP	0.3065	0.3607	-0.0542	-0.1149	-3.54	583	686
K562-ELAVL1-rep2-eCLIP	0.3575	0.4180	-0.0605	-0.1242	-3.83	680	795
K562-PUM2-eCLIP	0.4490	0.5126	-0.0636	-0.1274	-3.93	854	975
DICER1-PARCLIP	0.0473	0.0789	-0.0315	-0.1308	-4.00	90	150
MBNL1-PARCLIP	0.0032	0.0147	-0.0116	-0.1309	-3.79	6	28
AGO3-PARCLIP	0.0137	0.0347	-0.0210	-0.1404	-4.22	26	66
K562-SSB-eCLIP	0.2334	0.2955	-0.0620	-0.1409	-4.34	444	562
K562-GNL3-eCLIP	0.3801	0.4506	-0.0705	-0.1431	-4.41	723	857
K562-SLBP-eCLIP	0.0920	0.1393	-0.0473	-0.1487	-4.56	175	265
K562-WRN-eCLIP	0.2944	0.3686	-0.0741	-0.1577	-4.86	560	701
K562-HNRNPK-eCLIP	0.1824	0.2482	-0.0657	-0.1603	-4.93	347	472
K562-CPEB4-eCLIP	0.2077	0.2776	-0.0699	-0.1635	-5.03	395	528
K562-NSUN2-eCLIP	0.1977	0.2666	-0.0689	-0.1635	-5.03	376	507
K562-ZC3H8-eCLIP	0.2245	0.2971	-0.0726	-0.1656	-5.10	427	565
K562-SBDS-eCLIP	0.2334	0.3076	-0.0741	-0.1672	-5.15	444	585
HNRNPC-Hela-iCLIP	0.1777	0.2461	-0.0683	-0.1678	-5.16	338	468
K562-NPM1-eCLIP	0.2992	0.3785	-0.0794	-0.1680	-5.17	569	720
K562-RPS11-eCLIP	0.2571	0.3344	-0.0773	-0.1697	-5.22	489	636
SSB-PARCLIP	0.0489	0.0946	-0.0457	-0.1795	-5.47	93	180
K562-RBM22-eCLIP	0.3323	0.4196	-0.0873	-0.1805	-5.56	632	798
TARDBP-NSC-iCLIP	0.0715	0.1272	-0.0557	-0.1881	-5.74	136	242
K562-QKI-eCLIP	0.2234	0.3123	-0.0889	-0.2013	-6.19	425	594
TIA1-Hela-iCLIP	0.0757	0.1372	-0.0615	-0.2015	-6.15	144	261
FIP1L1-PARCLIP	0.2708	0.3665	-0.0957	-0.2059	-6.33	515	697
CSTF2-PARCLIP	0.1562	0.2603	-0.1041	-0.2582	-7.91	297	495
TIAL1-Hela-iCLIP	0.3228	0.4664	-0.1435	-0.2949	-9.06	614	887
HNRNPL-Hela-iCLIP	0.1115	0.3123	-0.2008	-0.5052	-15.16	212	594
